Scientific Name|Common Name|Type|Zone|When it Blooms|Where to Grow|Soil Type|When to Divide|Habit|Scent|Attracts|Resists|Maturity Rate|Long Lived or Short Lived|Something Special or Unique|Images|Year(s) Sold

Achillea millefolium 'Colorado Pastels'|Yarrow, Colorado Pastels|Perennial|3-8|June-July (Early to mid summer)|Full Sun|Poor to average soil, well-draining, low water needs, drought resistant|In spring every 3-5 years|Height: 24”, Spread: 24”, Clumping, spreads by above ground or shallow rhizomes about 3-6 inches per year|Sweet|Butterflies and bees|Deer and rabbits|Rapid maturity, will flower first year|Long lived|Host for Painted Lady Butterfly.  Blooms 8 weeks or longer||2018
Achillea millefolium 'Cerise Queen'|Yarrow, Cerise Queen|Perennial|3-8|June-July (Early to mid summer)|Full Sun|Poor to average soil, well-draining, low water needs, drought resistant|In spring every 3-5 years|Height: 24”, Spread: 24”, Clumping, spreads by above ground or shallow rhizomes about 3-6 inches per year|Sweet|Butterflies|Deer and rabbits|Rapid maturity, will flower first year|Long lived|Host for Painted Lady Butterfly.  Blooms 8 weeks or longer||2020
Achillea ptarmica 'Pearl-Group'|Sneezewort|Perennial|3-9|June-September|Full sun, partial shade|Average, dry to medium, well-drained soil, will tolerate poor soils as long as drainage is good. Avoid heavy clays and moist, rich soils.|Divide clumps every 3-5 years|Height: 18"-24", Spread: 18"-24", Clumping, spreads by above ground or shallow rhizomes about 3-6 inches per year|Sweet|Hoverflies, bees, butterflies|Deer and rabbits|Will flower second year, may flower first year|Long lived|Achilles, hero of the Trojan Wars in Greece, used the plant medicinally to stop the bleeding and heal one of his soldiers.  Its specific epithet, ptarmica, refers to how it causes sneezing.||
Achillea sibirica ssp. camtschatica 'Love Parade'|Siberian Yarrow|Perennial|4-8|June-September (Early summer to early fall)|Full Sun|Poor to average soil, well-draining, low water needs, drought resistant||Height: 12”-30", Spread: 12”-24", Clumping, spreads by above ground or shallow rhizomes about 3-6 inches per year|Chamomile-pine|Butterflies|Deer and rabbits|Rapid maturity, will flower first year|Long lived|Host for Painted Lady Butterfly.  Blooms through the entire summer with showy, soft pink flowers.||2022
Agastache foeniculum|Blue delight|Perennial|4-8|June-September|Full sun, partial shade|Well draining, drought resistant|Early spring (April)|Height: 36, Spread: 12”-24”, Clumping, occasionally reseeds|Licorice, but sweeter|Butterflies and Hummingbirds|Deer and rabbits|Flowers first year, small first year. Reaches full size second year|Long Lived, seeds collected from zone 4 garden|Pinch back in Late June for more lush plants. Flowers are darker purple during cooler temperatures|Agastache foeniculum:Agastache foeniculum Seedling|2018, 2021
Agastache rupestris|Apache Sunset|Perennial|5-8|June-July|Full sun|Well draining, drought resistant|Resents division|Height: 24” (36” with flower stalk), Spread: 12”-24”, Clumping, occasionally reseeds|Hint of root beer|Butterflies and Hummingbirds|Deer and rabbits|Flowers first year, small first year. Reaches full size second year|Long lived|Flowers edible, very sweet, leaves edible with hints of licorice and root beer. Does not like wet winter soil, mulch to help winter over, do not trim back until late spring-old wood helps protect crown for the winter||2018
Allium|Chives|Perennial herb|4-8|May-June|Full sun, partial sun|Average, dry-medium moisture, well draining soils.  Drought resistant|Spring (May)|Height: ", Spread: ”-”, Clumping|Onion||Deer and rabbits|Small first year. Will begin to spread second or third year|Long Lived|Their genus name is the Latin word for garlic.  Chives leaves can be harvested and cut in rings to be put on food.  They are especially good in Mexican food, or in omelets.||2022
Anaphalis triplinervis|Pearly Everlasting|Perennial|3-9|July-August|Full sun, partial shade|Well draining, moist, but not soggy|Spring (May)|Height: 6” (10” with flower stalk), Spread: 6”-10”, Clumping|None|Painted Lady Butterflies|Deer and rabbits||Long Lived: Does not tolerate soggy soil in winter|Good cut and dried flower, nice gray soft foliage, host for Painted Lady Butterflies||2018
Anethum graveolens 'Fernleaf'|Dill|Annual (but self-seeds) herb|3-7 for seeds||Prefers full sun, tolerates partial shade|Better flavor when grown in heavier soil, does best in well draining soil|Do not divide|Height: 24” (36” with flower stalk), Spread: 12”-24”, Clumping, occasionally reseeds|Fragrant|Eastern Swallowtail Butterflies|Deer and rabbits|||Host plant for Eastern Swallowtail Butterflies, edible, grown organically, slow to bolt in summer heat||2018
Anethum graveolens 'Long Island Mammoth'|Dill|Annual (but self-seeds) herb|3-7 for seeds||Prefers full sun, tolerates partial shade|Better flavor when grown in heavier soil, does best in well draining soil|Do not divide|Height: 24” (36” with flower stalk), Spread: 12”-24”, Clumping, occasionally reseeds|Fragrant|Eastern Swallowtail Butterflies|Deer and rabbits|||Host plant for Eastern Swallowtail Butterflies, edible, grown organically, slow to bolt in summer heat||2020
Aquilegia caerulea 'Benary's Mix'|Columbine|Perennial|3-8|June-July|Does best in partial shade|Well draining, moist|Do not divide, long tap root, but can collect seeds and refrigerate to vernalize and grow the following year|Height: 6” (24” with flower stalk), Spread: 6-12”, Clumping, occasionally reseeds|None|Butterflies, Hummingbirds||Flowers second year|Typically lives 3-5 years, might reseed|Good cut flower||2018
Aquilegia caerulea 'McKana Giants'|Columbine|Perennial|3-8|June-July|Does best in partial shade|Well-draining, moist|Do not divide, long tap root, but can collect seeds and refrigerate to vernalize and grow the following year|Height: 6” (24” with flower stalk), Spread: 6-12”, Clumping, occasionally reseeds|None|Butterflies, hummingbirds||Flowers second year|Typically lives 3-5 years, might reseed|Good cut flower||2019
Aquilegia caerulea-Hybrid 'Blue Star'|Columbine|Perennial|3-8|June-July|Does best in partial shade|Well-draining, moist|Do not divide, long tap root, but can collect seeds and refrigerate to vernalize and grow the following year|Height: 6” (24” with flower stalk), Spread: 6-12”, Clumping, occasionally reseeds|None|Butterflies, bumble bees, hummingbirds||Flowers second year|Typically lives 3-5 years, might reseed|Good cut flower|Aquilegia caerulea-Hybrid 'Blue Star':Aquilegia caerulea-Hybrid 'Blue Star' Seedling|2021
Aquilegia canadensis|Columbine|Perennial|3-8|April-May|Does best in partial shade|Well-draining, moist|Do not divide, long tap root, but can collect seeds and refrigerate to vernalize and grow the following year|Height: 8”-12", Spread: 8"-12”, Clumping, occasionally reseeds|None|Butterflies, bumble bees, hummingbirds||Flowers second year|Typically lives 3-5 years, might reseed|Good cut flower, native and unhybridized.||2022
Armeria maritima 'Laucheana'|Sea Thrift|Perennial|4-8|May-June|Full sun|Well draining, dry soil, drought resistant|Does not divide|Height: 4” (6” with flower stalk), Spread: 4-6”, Clumping and spreads very slowly|None|Butterflies|Deer and rabbits|Flowers first year|Long lived|2-3 foot tap root, be careful not to accidentally pull out thinking it's a clump of grass||2018
Armeria maritima 'Splendens'|Sea Thrift|Perennial|4-8|May-June|Full sun|Well draining, dry soil, drought resistant|Does not divide|Height: 4” (6” with flower stalk), Spread: 4-6”, Clumping and spreads very slowly|None|Butterflies|Deer and rabbits|Flowers first year|Long lived|2-3 foot tap root, be careful not to accidentally pull out thinking it's a clump of grass|Armeria maritima 'Splendens':Armeria maritima 'Splendens' Seedling|2021
Asclepias tuberosa|Butterfly Weed|Perennial|3-8|Late June-August|Full sun|Gritty and rocky, well draining|Resents division|Height:  24” Spread:  12” Clumping and spreading by rhizome once established|Strong sweet smell|Bees, Butterflies, Hummingbirds||Reaches full height second year. Blooms first year|5 years; can collect seeds in the fall, put in the refrigerator in a plastic baggy until spring. Soak in warm water overnight, changing water every 6-8 hours, and direct sow.  The plants with direct sowing will be much stronger.|Do not disturb roots.||2019
Astilbe chinensis 'Rheinland, Purple Lance'|Chinese Astilbe|Perennial|4-8|May-June|Full shade, partial shade|Well-draining, moist|Early spring (April) when overcrowded; (every 3-4 years)|Height:  12-18” (24” with flower stalk) Spread:  18”-24” Clumping, occasionally reseeds.|None|Bees|Deer and rabbits|Flowers first year|Long lived|May remove spent blooms for neatness, tolerates black walnut trees|Astilbe chinensis 'Rheinland':Astilbe chinensis 'Purple Lance'|2019
Astilbe chinensis 'Federsee'|Chinese Astilbe|Perennial|4-8|May-June|Full shade, partial shade|Well-draining, moist|Early spring (April) when overcrowded; (every 3-4 years)|Height:  12-18” (24” with flower stalk) Spread:  18”-24” Clumping, occasionally reseeds.|None|Bees|Deer and rabbits|Flowers first year|Long lived|May remove spent blooms for neatness, tolerates black walnut trees||2020
Astrantia major-Hybrid 'Rose Symphony'|Masterwort|Perennial|3-9|July-September|Partial shade, full shade, or dappled sunlight under trees.|Does not like dry conditions.  Prevent overhead watering to prevent powdery mildew.  Rich in organic material, moist.  Water frequently during drought and fertilize yearly for best growth.|Divide once every few years.|Height:  18" Spread:  12" Clumping habit|None|Butterflies|Deer and rabbits|Flowers first year||Native to prairies, good cut and dried flower, prized for floral arrangements.  Good for filling voids between shrubs and trees, it will naturalize under trees.  Combines well with ferns and astilbe.|Astrantia major-Hybrid 'Rose Symphony':Astrantia major-Hybrid 'Rose Symphony' Seedling|2021, 2022
Bergenia cordifolia|Winterglow and New Hybrids|Perennial|3-8|Late May-Early June|Part sun to part shade|Rich, moist, well draining|Rosettes can be cut off parent in spring|Height: 24” with flower stalk, Plant: 8” tall, Spread: 8”, Mound|Sweet Fragrance|Butterflies|Loved by rabbits and deer|Flowers second or third year|Long lived, evergreen|Spectacular shades of purple, to red orange colors in the fall with cold temperatures; one of the first flowers to bloom in spring|Bergenia cordifolia 'Winterglow':Bergenia cordifolia 'New Hybrids'|2018
Boehmeria cylindrica|False Nettle|Perennial||||||||||||||2023
Boltonia asteroides var. latisquama 'Nana'|False Aster|Perennial|4-9|August-September|Full sun|Clay, wet|Divide in spring|Height: 24” with flower stalk (some may grow taller), Plant: 24” tall, Spread: 12”, Mound|Mint and oregano|Bees, Butterflies|Deer and rabbits|Flowers first year|Long lived, evergreen|Native plant, good cut flower with very slow creeping rhizomes.  Pinch back 1/3 to increase the number of blooms.||2020, 2022
Borago officinalis|Borage|Annual (reseeds or collect seeds to use next year) herb||June-August|Full sun to partial shade|Well draining, moist|Do not divide, long tap root. Soak the peat pot until the pot is mushy and bury the plant to the top of the peat pot and water. May flop in sun on first day but will recover the next day|Height: 6” (24” with flower stalk), Spread: 6-12”, Clumping, occasionally reseeds|Sweet|Butterflies, hummingbirds, and bees|Deer and rabbits|Flowers second year. Typically live 3-5 years, might reseed|Long Lived|Host for Painted Lady Butterfly.  Leaves can be used fresh for tea giving the water a cucumber flavor-add lemon and chill for a replenishing summer drink. Companion plant for the vegetable garden--attracts bees and other beneficial insects. Flowers are sugary sweet and full of nectar especially in the morning.||2018, 2020
Buddleja davidii mixed hybrids 2nd year plant|Butterfly Bush|Perennial|5-8 (mulch, protect in winter)|July-August|Full sun, partial sun|Well-draining, moist; drought resistant after first year|Do not divide|Height: 24” first year, then 3-6 feet, Spread: 12” first year, then 3-4 feet. Shrub that dies back during winter|Very sweet|Butterflies, hummingbird moths, bees||Flowers first year.  Takes 2-3 years to reach max height|When mulched, 5-10 years|Monarch Magnet!  Highly nectar producing.  Non-invasive variety.  In the North, helps monarchs with migration--blooms after eggs are set|Buddleja davidii:Buddleja davidii Seedling|2019, 2021
Buddleja davidii mixed hybrids 1st year plant|Butterfly Bush|Perennial|5-8 (mulch, protect in winter)|July-August|Full sun, partial sun|Well-draining, moist; drought resistant after first year|Do not divide|Height: 24” first year, then 3-6 feet, Spread: 12” first year, then 3-4 feet. Shrub that dies back during winter|Very sweet|Butterflies, hummingbird moths, bees||Flowers first year.  Takes 2-3 years to reach max height|When mulched, 5-10 years|Monarch Magnet!  Highly nectar producing.  Non-invasive variety.  In the North, helps monarchs with migration--blooms after eggs are set|Buddleja davidii|2018, 2020
Campanula persicifolia 'Telham Beauty'|Willow Bell|Perennial|3-7|May-June|Full sun to part shade|Average, medium moisture, well-drained soils.|Divide every 3-4 years|Height: 18"-24" with flower stalk Spread: 18"-24" Rosette forming|None|Bees, Butterflies|Deer and rabbits|Flowers first year|Long lived|Bees love to dig their  faces into the cups of this Campanula.|Campanula persicifolia 'Telham Beauty':Campanula persicifolia 'Telham Beauty' Seedling|2021, 2023
Campanula glomerata 'Superba'|Clustered Bellflower|Perennial|3-8|May-July|Full sun to part shade|Average, medium moisture, well-drained soils.|Divide every 3-4 years|Height: 12"-18" with flower stalk Spread: 6"-12" Rosette forming|None|Bees, Butterflies|Deer and rabbits|Flowers first year|Long lived|Bees love to dig their  faces into the clusters of cupped flowers on this Campanula.||2022
Centranthus ruber var. coccineus 'Rosenrot'|Jupiter's Beard|Perennial|5-8|June-August|Full sun to partial sun|Any soil, prefers slightly alkaline; drought resistant|Remove volunteers in early spring|Height: 18”, Spread: 18”, Clumping, Spreads by reseeding|Sweet|Butterflies, bees and hummingbirds||Blooms first year|5-7 years, reseeds on open ground|Nectar producing even during drought, mulch around plants to prevent volunteers|Centranthus ruber var. coccineus 'Rosenrot':Centranthus ruber var. coccineus 'Rosenrot' Seedling|2018, 2019, 2020, 2021, 2022
Chelone lyonii 'Pink Temptation'|Turtlehead|Perennial|3-8|July-September|Part Shade to Full Sun|Average soil, likes clay|In early spring when shoots are 1” high|Height: 24”, Spread: 18”, Clumping|None|Butterflies||Slow, blooms first year|Long lived|Very difficult to grow from seed.  Small first year, spends most of its energy setting roots the first year, but will return strong next year, doubling in size, reaching full size in three years||2018, 2019
Coriandrum sativum|Cilantro|Annual herb||Seasonal bloomer|Full sun, partial shade|Average, well-drained, medium moisture|Do not divide|Height: 18"-24", Spread: 12”-15"|Cilantro-like|Butterflies, bees, wasps|Resists rabbits and deer|Flowers first year|Annual|Host plant for Swallowtail butterflies.  Stems and leaves are edible, and can be used in salads, salsas, meats, sauces and soups. Leaves can be chopped and stored frozen in ice cube trays for later use.  The seeds can be used in anything from sausages and chutneys to pies and cakes.||2022
Dalea purpureum|Purple Prairie Clover|Perennial|3-8|June-August|Full sun|Average, medium, well-drained soils, tolerates clay.  Adaptable to a wide variety of soils, as long as it is well-drained.|Do not divide, long tap root, but may self-seed in optimum growing conditions.|Height:  12"-36" with flower stalk, Spread:  12"-18, bushy, vase-shaped habit.|None|Bees, butterflies|Deer and rabbits|Blooms first year|Long lived|It is a high nectar producer, and grows in a range of soils.  Native Americans applied it to open wounds, and wildlife loves the proteinaceous seeds.  This legume (or pea-family plant) fixes nitrogen in the soil.  It is drought resistant and native to North America.  Dalea is a superfood for the Rusty-Patched Bumblebee, which is listed as endangered.  It is also a host plant for the larvae of the Dogface Sulphur (common in New York) and Reakirt's Blue.  This plant blooms heavily for four weeks in June and continues to bloom sporadically until September.  It needs support in its first year because it uses most of its energy developing a long taproot (a mature plant's taproot will be 5.5-6 feet) which will later allow it to become drought resistant.  Leaves can be used for tea, and roots are palatable.||
Dodecatheon meadia 'Deluxe Mix'|Shooting Stars|Perennial|4-8|Mid May-Late May|Part Shade|Evenly moist, humusy, well-drained.  Avoid poorly-drained or wet soils, especially in winter.|Divide in fall when dormant.|Height:  8"-18" with flower stalk, Spread:  8"-12", Basal rosette.|None|Butterflies, hummingbirds, bees|Deer and rabbits|Blooms second or third year|Long lived once established|Native to the Eastern US, likes rocky slopes and bluff edges.||
Doronicum orientale 'Magnificum'|Leopard's Bane|Perennial|4-7|April-May|Part shade|Medium water, humusy, moisture retentive, dislikes excessive wetness|After first leaves sprout in early spring or after flowering|Height: 6"-18" with flower stalk, Spread: 6"-12", Will spread slowly with underground rhizomes|Lightly scented|Butterflies|Deer and rabbits|Blooms second or third year|Long lived|This adorable marsh plant has bright yellow flowers.  It is one of the few daisy-like composite flowers that blooms in early spring.||2022
Dracocephalum ruyschiana 'Blue Moon'||Perennial||||||||||||||2023
Echinacea purpurea 'Magnus Superior'|Purple Coneflower|Perennial|3-8|Late June-August|Partial shade to full sun|Any soil, drought resistant|Early spring when leaves are about 4” high|Height: 12” (24-36” with flower), Spread: 12”, Clumping|Sweet|Butterflies||Small first year, full size second year|Long lived|Monarchs love these; spent flower stalks create winter interest|Echinacea purpurea 'Magnus Superior':Echinacea purpurea 'Magnus Superior' Seedling|2018, 2021
Echinacea purpurea varieties|Purple Coneflower|Perennial|3-8|Late June-August|Partial shade to full sun|Any soil, drought resistant|Early spring when leaves are about 4” high|Height: 12” (24-36” with flower), Spread: 12”, Clumping, Spreading by seed|Sweet|Butterflies||Small first year, full size second year|Long lived|Monarchs love these; spent flower stalks create winter interest; tolerates black walnut trees.|Echinacea purpurea 'Magnus Superior':Echinacea purpurea 'Green Twister'|2019
Echinacea purpurea 'Ruby Star'|Purple Coneflower|Perennial|3-8|Late June-August|Partial shade to full sun|Any soil, drought resistant|Early spring when leaves are about 4” high|Height: 12” (24-36” with flower), Spread: 12”, Clumping|Sweet|Butterflies and bees||Small first year, full size second year|Long lived|Will reseed first year.  Monarchs love these; spent flower stalks create winter interest||2018, 2020
Echinops ritro|Small Globe Thistle|Perennial|3-8|July-September|Full sun|Well draining, medium to dry soil, drought resistant second year|Early spring (April)|Height: 24” (36” with flower stalk), Spread: 12”-24”, Clumping, occasionally reseeds|None|Butterflies|Deer and rabbits|Small first year, spends first year setting roots|Long lived|Excellent cut flower, adds texture to the garden, small compact version||2018
Epilobium angustifolium|Fireweed|Perennial|2-7|June-September|Full sun, partial shade|Well-draining; drought resistant|Do not divide|Height:  24-48” (Same with flower stalk) Spread:  12”-24” Clumping, occasionally reseeds, spreads by rhizome.|None|Honey bees, moths and hummingbirds||Flowers first year|Long lived|First to grow after a forest fire.  Native throughout the Northern Hemisphere.  Please note:  This plant is not related to Loosestrife.||2019, 2020
Eupatorium purpureum|Joe Pye Weed|Perennial|4-8|July-September|Full sun|Moist, well-drained soils, tolerates clay.|Divide in fall after the plant has gone dormant.  Divide using a sharp shovel between the stems and replant at the same depth as the original plant.|Height:  Influenced by soil fertility, water, and sunlight, generally between 24"-48", Spread:  None, perennial forms large, fibrous root system like celeriac.|Sweet|Butterflies, bees, and other beneficial insects due to high nectar production|Deer and rabbits|Blooms first year|Long lived.|Takes 2-3 days to recover after transplanting.  Keep well watered and shaded until it recovers.|Eupatorium purpureum:Eupatorium purpureum Seedling|2021, 2023
Foeniculum vulgare|Fennel 'Bronze'|Short lived perennial herb (reseeds)|4-8|July (90 days from Spring seeding)|Full sun, partial sun|Well draining, drought resistant|Does not divide|Height: 12-24” first year, 36-60” next year|Licorice|Eastern Swallowtail Butterflies and beneficial insects|Deer and rabbits|Small first year, doubles in size second year|3-5 years|Dark purplish foliage Host plant for Eastern Swallowtail Butterfly. Edible||2018, 2023
Fragaria|Ozark Beauty Strawberry|Perennial|4-9|May-June (also August-September)|Full sun|Well-draining; drought resistant|Early spring (April)|Height:  8-10”  Spread:  12” Spread by runners, rarely reseeds||Bees||Flowers first year|Usually replaced or divided every two years to maintain vigor|Sweet strawberries that are good for jams, everbearing.  Mulch, but be careful not to bury the crown or it will rot.  Protect through winter with straw or 2-3” of mulch.||2019
Gaillardia grandiflora|Arizona Apricot|Perennial|3-9 (mulch in winter to prevent frost heave)|July-November (Summer until first frost)|Full Sun|Well Drained, low fertility, drought resistant|Collect seeds for next year store in cool, dark, dry place|Height: 10”, Spread: 12”, Clumping|None|Butterflies|Deer and rabbits|Flowers first year, may be leggy first year, but dense clump second year|2-3 years, but a few reseeds each year. Seeds easy to collect|Extensive bloom time 2-3 months||2018
Gaura lindheimeri 'The Bride'|Gaura|Perennial|5-8|July-September|Full sun|Well draining, drought resistant, does not like wet winter soil|Do not divide, long tap root|Height: 18” (24” with flower stalk), Spread: 12”-24”, Clumping|None|Butterflies, bees and hummingbirds||Flowers first year from seed|3-5 years; seeds can be collected, refrigerated until spring, soaked 24 hours, then direct sown or started in trays|High nectar-producing plant during summer heat||2018, 2019
Geum chiloense|Mrs. Bradshaw|Perennial|5-7|June|Full sun|Well draining, moist soil|Early spring (April)|Height:  12-24” (24” with flower stalk) Spread:  12” Clumping, occasionally reseeds.|None|Butterflies||Flowers second year|Long lived (short lived in heavy clay)|Wet poorly drained soils in winter can be fatal.||2019
Geum chiloense 'Blazing Sunset'||Perennial|5-7|June|Full sun|Well draining, moist soil|Early spring (April)|Height:  12-24” (24” with flower stalk) Spread:  12” Clumping, occasionally reseeds.|None|Butterflies||Flowers second year|Long lived (short lived in heavy clay)|Wet poorly drained soils in winter can be fatal.||2023
Haworthia attenuata|Zebra Plant|Perennial tender succulent|7-9 (Bring inside for winter)|July-August|Full shade outdoors; eastern or western window, does not like direct sunlight|Well draining, low fertility, drought resistant|When rosette has at least six leaves, use a clean scissors to cut it from the main plant.  Do not water for 2 weeks after transplanting to keep the roots from rotting.|Height: 6-8”, Spread: 6”, Clumping, forming rosettes|Small sweet sappy/sticky white flowers||||Long lived|Only likes to be watered about once per month, likes to thoroughly dry out between waterings.  Grows roots during the winter, mostly dormant during the summer.  Best to transplant in September after blooming||2018, 2019
Heliopsis scabra|False Sunflower|Perennial|3-9|June-August|Full sun, partial shade|Well draining, drought resistant after first year|Spring (May)|Height: 24”-36”, Spread: 12”, Clumping|None|Butterflies|Deer and rabbits||Long Lived|May wilt in noonday sun, but recovers overnight. Excellent cut flowers and nectar producing||2018
Heuchera 'Melting Fire'|Melting Fire Coral Bells|Perennial|4-9|June-August|Full sun, partial shade|Well draining (prevents frost heaving), drought resistant|Early spring (April)|Height: 24” (36” with flower stalk), Spread: 12”-24”, Clumping; occasionally reseeds|None|Butterflies and Hummingbirds|Deer and rabbits|Second year, plants will show true leaf color|Long lived|Evergreen, has dark purple undulating leaves.||2023
Heuchera 'Newest Mixed Hybrids and Melting Fire'|Coral Bells, Melting Fire and Newest Mixed Hybrids|Perennial|4-9|June-August|Full sun, partial shade|Well draining (prevents frost heaving), drought resistant|Early spring (April)|Height: 24” (36” with flower stalk), Spread: 12”-24”, Clumping; occasionally reseeds|None|Butterflies and Hummingbirds|Deer and rabbits|Second year, plants will show true leaf color|Long lived|Evergreen||2018
Heuchera americana 'Dale's Strain'|Coral Bells|Perennial|4-9|June-August|Full sun, partial shade|Well draining (prevents frost heaving), drought resistant|Early spring (April)|Height: 24” (36” with flower stalk), Spread: 12”-24”, Clumping; occasionally reseeds|None|Butterflies and Hummingbirds|Deer and rabbits|Second year, plants will show true leaf color|Long lived|Evergreen||2020, 2023
Heuchera americana 'Emperor's Cloak'|Coral Bells|Perennial|4-9|June-August|Full sun, partial shade|Well draining (prevents frost heaving), drought resistant|Early spring (April)|Height: 24” (36” with flower stalk), Spread: 12”-24”, Clumping; occasionally reseeds|None|Butterflies and Hummingbirds|Deer and rabbits|Second year, plants will show true leaf color|Long lived|Evergreen||2020
Heuchera americana 'Palace Purple Select'|Coral Bells|Perennial|4-9|June-August|Full sun, partial shade|Well draining (prevents frost heaving), drought resistant|Early spring (April)|Height: 24” (36” with flower stalk), Spread: 12”-24”, Clumping; occasionally reseeds|None|Butterflies and Hummingbirds|Deer and rabbits|Second year, plants will show true leaf color|Long lived|Evergreen|Heuchera americana 'Palace Purple Select':Heuchera americana 'Palace Purple Select' Seedling|2021, 2022
Hosta|Plantain Lily, Mixed Variety|Perennial|3-8|July-August|Full shade, partial shade|Well-draining; drought resistant|Early spring (April)|Height:  24”-36” (36-48” with flower stalk) Spread:  24” Clumping|None|Hummingbirds and bees||Flowers second year|Long lived; reaches mature size 3-5 years after transplant and division|Provides nectar during drought, may experience slug damage, tolerates black walnut trees|Hosta A:Hosta B:Hosta C|2019, 2020, 2022
Hyssopus officianalis|Hyssop|Perennial||||||||||||||2023
Knautia macedonica 'Melton Pastels'|Macedonia scabious|Perennial|5-8|July-October|Full sun|Average to rich, medium moisture, well-drained soils, with neutral to alkaline pH.|Dig up the parent and tease roots apart from new shoots.|Height:  18" (24" with flower stalk), Spread:  12"-18", branching perennial|None|Butterflies, birds, bees|Deer and rabbits|Flowers first year|Short lived, but will generally self-seed each year.  Long lived if soil is well-drained, especially in winter|Good cut flower.  Knautia prefers to be located in areas protected from wind.  Removing spent flowers can promote additional blooms.|Knautia macedonica 'Melton Pastels':Knautia macedonica 'Melton Pastels' Seedling|2021, 2022
Lamium maculatum|Spotted Deadnettle|Perennial|4-8|May-July|Full shade, partial shade|Average, medium moisture, well-drained soils; control by planting in non-ideal conditions|Spring and autumn, allow to root and cut parent plant away from rooted section.|Height: 6" with flowers stalks, Spread: 12"-24", Sprawling groundcover|Sweet and minty|Bees, moths, butterflies, and hoverflies|Deer and rabbits|Flowers first year|Long lived, will spread|In ideal conditions, it is invasive, however its spread can be controlled by planting it in a sunnier place with poorly draining soil.||2022
Leucanthemum x superbum|Crazy Daisy|Perennial|3-8|Late June-Early August|Full sun|Any soil|Early spring (May) every 2-3 years to maintain vigor|Height:  36” (36” with flower stalk) Spread:  36” Clumping|None|Butterflies and hummingbirds||Flowers first year|Short lived (2-3 years, improves with division)|Frilly petals and dense flower coverage|Leucanthemum x superbum:Leucanthemum x superbum Seedling|2019, 2021, 2023
Liatris spicata|Blazing Star|Perennial|3-8|July-August|Full sun|Average, well draining, tolerates clay|Resents division|"Height: 24” (36” with flower stalk), Spread: 6""-12”, Clumping, occasionally reseeds"|Sweet, but faint|Butterflies and bees|Deer and rabbits|Flowers first year|Long lived|Native to Midwest and Eastern United States||2018, 2020, 2023
Linum lewisii|Perennial Flax|Perennial||||||||||||||2023
Lobelia siphilitica|Blue Selection|Perennial|4-9|August-September|Full sun to partial shade|Moist humus soil, tolerates clay, needs constant moistness|In spring when shoots are 1” high|Height:  12” (24-36” with flower stalks) Spread:  12-18” Clumping|None|Bees, Hummingbirds, and Butterflies||Blooms second year|More than five years|Tolerates wet soil, good next to ponds, does well with mulching, tolerates black walnut trees|Lobelia siphilitica:Lobelia siphilitica Seedling|2019, 2021, 2022, 2023
Melissa officinalis|Lemon Balm|Perennial herb|3-7|July-August|Full sun|Moist, well-draining soil, mulched|Early spring|Height:  12” Spread:  8” Clumping|Lemony|Bees and Butterflies|||Indefinitely|Looks lush all season from May until heavy frost; used in teas, ice cream, soup.  Ruffle its leaves and release its scent to repel gnats and mosquitoes.|Melissa officinalis:Melissa officinalis Seedling|2019, 2020, 2021, 2022, 2023
Monarda bradburiana|Bee Balm|Perennial|5-8|June|Full sun to part shade|Dry, well draining|Resents division|Height: 24”, Spread: 8”, Clumping|Fragrant|Bees, Moths, Butterflies, and Hummingbirds|Deer and rabbits||May reseed|Native to the Northeast US, need air circulation to prevent powdery mildew, good mildew resistance|Monarda bradburiana:Monarda bradburiana Seedling|2018, 2020, 2021, 2022, 2023
Monarda didyma 'Panorama Mixture'|Bee Balm|Perennial|5-8|July|Full sun to part shade|Dry, well draining|Resents division|Height: 24”-36", Spread: 12”, Clumping|Fragrant|Bees, Moths, Butterflies, and Hummingbirds|Deer and rabbits||May reseed|A hybid of the native Bee Balm with shades of pink and blue flowers, needs air circulation to prevent powdery mildew, some mildew resistance||2022
Nepeta|Catmint|Perennial|3-8|June-September|Full sun|Well-draining; drought resistant|Early spring (April)|Height:  24” (36” with flower stalk) Spread:  12”-24” Clumping, occasionally reseeds.|Soft mint, fragrant|Butterflies, bees, cats and moths||Flowers first year|5 years or longer; Occasionally reseeds in undisturbed ground.|Ornamental, not edible; attracts cats; does not spread by rhizome; self seeds very lightly|Nepeta:Nepeta Seedling|2019, 2020, 2021, 2023
Ocimum basilicum spp. 'Cinnamon Basil'||Annual herb|Not winter hardy; may bring in for winter|June-July|Full sun|Well-draining and fertile|Prefers no division|Height:  24” Spread:  Clumping|Fragrant|Bees||||Use in pie, salads, replacement for cinnamon; remove flowers to continue leaf growth; flowers are edible||2019
Ocimum basilicum spp. 'Lettuce Leaf Basil'||Annual herb|Not winter hardy; may bring in for winter|June-July|Full sun|Well-draining and fertile|Prefers no division, can collect seeds|Height:  24” Spread:  Clumping|Fragrant|Bees||||Use in salads, anywhere you use lettuce leaves (wraps, sashimi wraps); remove flowers to continue leaf growth; flowers are edible||2019, 2021
Ocimum basilicum spp. 'Lime Basil'||Annual herb|Not winter hardy; may bring in for winter|June-July|Full sun|Well-draining and fertile|Prefers no division|Height:  24” Spread:  Clumping|Fragrant, hint of lime|Bees||||Use in Key-Lime Cheesecakes or as a replacement or addition to lime in cooking.  Strong lime scent and flavor.||2020
Ocimum basilicum spp. 'Mammolo Basil'||Annual herb|Not winter hardy; may bring in for winter|June-July|Full sun|Well-draining and fertile|Prefers no division|Height:  24” Spread:  Clumping|Fragrant|Bees||||Strong Italian, classic basil scent.  Use in salads, pizzas, and Italian dishes, anywhere where you would use the classic basil.||2020, 2021
Ocimum basilicum spp. 'Purple Opal Basil'||Annual herb|Not winter hardy; may bring in for winter|June-July|Full sun|Well-draining and fertile|Prefers no division|Height:  24” Spread:  Clumping|Fragrant|Bees||||Italian, classic basil scent.  Use in salads, pizzas, and Italian dishes, anywhere where you would use the classic basil.||2020, 2023
Ocimum basilicum spp. 'Thai Basil'||Annual herb|Not winter hardy; may bring in for winter|June-July|Full sun|Well-draining and fertile|Prefers no division|Height:  24” Spread:  Clumping|Fragrant, hint of cloves|Bees||||Use in Thai dishes, curries, coconut-based soups; clove flavor; remove flowers to continue leaf growth; flowers are edible||2019, 2020, 2021, 2022, 2023
Ocimum basilicum spp. 'Akoko Mesa'||Annual herb|Not winter hardy; may bring in for winter|June-July|Full sun|Well-draining and fertile|Prefers no division|Height:  24” Spread:  Clumping|Fragrant|Bees||||Its name, Akoko Mesa, means Chicken Dance in Ghana because it is used for preparing poultry.  It has also been used for hundreds of years in dishes and medicinal preparations.||2019, 2020, 2021, 2022, 2023
Ocimum basilicum spp. 'Blue Spice'||Annual herb|Not winter hardy; may bring in for winter|June-July|Full sun|Well-draining and fertile|Prefers no division|Height:  24” Spread:  Clumping|Fragrant, peppery, with a hint of vanilla|Bees||||Blue Spice is a peppery basil with vanilla scent.  It can be used in place of allspice in dishes like pumpkin pie.  It does not taste like the traditional basil, and should not be used the same way.||2022
Ocimum basilicum spp. 'Minette'||Annual herb|Not winter hardy; may bring in for winter|June-July|Full sun|Well-draining and fertile|Prefers no division|Height:  24” Spread:  Clumping|Fragrant|Bees||||Minette is prized for its miniature leaves and small stature.||2023
Ocimum basilicum spp. 'Crimson King'||Annual herb|Not winter hardy; may bring in for winter|June-July|Full sun|Well-draining and fertile|Prefers no division|Height:  24” Spread:  Clumping|Fragrant|Bees||||This has a classic basil scent and dark purple leaves.||2023
Ocimum basilicum spp. 'Minette'||Annual herb|Not winter hardy; may bring in for winter|June-July|Full sun|Well-draining and fertile|Prefers no division|Height:  24” Spread:  Clumping|Fragrant|Bees||||Minette is prized for its miniature leaves and small stature.||2023
Ocimum basilicum spp. 'Romanesco'||Annual herb|Not winter hardy; may bring in for winter|June-July|Full sun|Well-draining and fertile|Prefers no division|Height:  24” Spread:  Clumping|Fragrant|Bees||||Romanesco is a classic Italian basil with strong flavor.||2023
Oenothera missouriensis|Sun Drops|Perennial|3-8|June-July (Early to mid summer)|Partial shade to full sun|Any soil, Drought resistant, Well draining|Fall|Height:  6” Spread: 12” Spreading by rosette, very slowly|Sweet and strong in early evening and early morning|Bees||Blooms second year.|5-7 years|Large 3” flowers. Seeds can be collected and started in trays and transplanted.||2019, 2023
Origanum majorana|Marjoram|Annual (in the North) herb|9-10|July-August|Full Sun|Dry to medium water, must have well-draining soil|Resents division|Height:  4” Spread:  trailing Clumping|Leaves are fragrant|Bees and moths||||Herb used with chicken, pork, salads||2019, 2020
Origanum vulgare|Oregano|Perennial|5-10|July-August|Full sun|Fertile well-draining soil|Resents division|Height:  6” Spread:  6” Clumping|||||May winter over|Herb used with italian seasoning, chicken, and pasta||2019, 2022
Papaver orientale-Hybr. 'Beauty of Livermere'|Oriental Poppy|Perennial|3-8|June-July|Full sun|Organically rich, fertile, medium moisture, well-drained soils; will perform well with average soils if well-drained||Height: 24"-36", Spread: 18"-24", Mounding|None|Bumblebees|Deer and rabbits|Blooms second or third year|Long lived|Its long leaves appear bristly, but are not.  This poppy is one of the few that has a deep red flower.||
Penstemon digitalis 'Mystica'|Beard-tongue|Perennial|||Full sun|Fertile well draining||Height: 6” (12” with flower stalk), Spread: 6”, Clumping, occasionally reseeds|None|Butterflies and hummingbirds||Flowers first year|Short lived (2-3 years)|||
Penstemon barbatus 'Rondo Petite Bouquet'||Perennial|5-8|June-July|Full sun|Fertile, loamy, and well-draining soil|Resents division|Height: 6", Spread: 6", Rosette forming|None|Butterflies, bees|Deer and rabbits|Will bloom first year|Short lived (2-3 years) but seeds can be collected|Each flower has sterile stamen with a tuft of small hairs, giving it the name "beardtongue".||
Penstemon digitalis 'Husker Red'|Beard-tongue|Perennial|3-8|June-July|Full sun, partial shade|Well draining, drought resistant|Early spring (April)|Height: 24” (36” with flower stalk), Spread: 12”-24”, Clumping, occasionally reseeds|None|Butterflies and hummingbirds||Flowers second year|Long lived|Dark purplish foliage that fades to green as the summer progresses.|Penstemon digitalis 'Husker Red':Penstemon digitalis 'Husker Red' Seedling|2019, 2020, 2021, 2022, 2023
Platycodon grandiflorus 'Hakone Blue'|Balloon Flower|Perennial|3-8|July-August|Full sun, partial sun|Average to moist soil, with these conditions, tolerant of many soils.|Do not divide.  Collect seeds, refrigerate and germinate, and transplant when small.|Height:  Up to 24", Spread:  8", single stalk|None|Bees||||Good cut flower.  Its common name, balloon flower, refers to how its flowers are shaped before fully opening|Platycodon grandiflorus 'Hakone Blue':Platycodon grandiflorus 'Hakone Blue' Seedling|2021
Platycodon grandiflorus 'Dwarf Astra'|Dwarf Balloon Flower|Perennial|3-8|June-August|Full sun, partial sun|Light, mediudm moisture, organically rich, well-drained, loamy soils.|Do not divide.  Collect seeds, refrigerate and germinate, and transplant when small.|Height:  6"-12", Spread:  6"-8", single stalk|None|Bees||||Good cut flower.  Its common name, balloon flower, refers to how its flowers are shaped before fully opening||2022
Polemonium yezoense|Jacob's Ladder Purple Rain Strain|Perennial|4-9|May-June|Full sun, partial shade|Average to moist soil|Early spring (April) or fall|Height:  12-18” (24” with flower stalk) Spread:  12”-18” Clumping, occasionally reseeds.|None|Butterflies, bees and moths||Flowers second year|Long lived|Dark purplish foliage that fades to green as the summer progresses; tolerates black walnut trees|Polemonium yezoense:Polemonium yezoense Seedling|2019, 2020, 2021, 2022, 2023
Potentilla atrosanguinea 'Red'|Ruby Cinquefoil|Perennial|5-7|April-June|Full sun, partial sun|Average to well-draining; drought resistant|Early spring (April)|Height:  12-18” (24” with flower stalk) Spread:  12”-24” Clumping, occasionally reseeds.|None|Butterflies|Deer and rabbits|Flowers second year|Long lived|May rebloom in fall, good for borders and rock gardens||2019, 2020
Potentilla atrosanguinea var. argyrophylla 'Orange Starlit'|Orange Starlit Cinquefoil|Perennial|5-7|April-June|Full sun, partial sun|Average to well-draining; drought resistant|Early spring (April)|Height:  12-18” (24” with flower stalk) Spread:  12”-24” Clumping, occasionally reseeds.|None|Butterflies|Deer and rabbits|Flowers second year|Long lived|May rebloom in fall, good for borders and rock gardens|Potentilla atrosanguinea var. argyrophylla:Potentilla atrosanguinea var. argyrophylla Seedling|2021, 2022, 2023
Pulmonaria officinalis ssp. obscura|Unspotted Lungwort, Jerusalem Cowslip|Perennial|4-7|April-Early May|Dappled sun, morning sun, afternoon shade.  Prefers semi-shade.|Likes clay.  Ammending soil with compost, bone meal fertilizer, or peat moss improves the growth.  Does not like boggy winter soils.|Easily divided every few years.  Plant roots 1" below soil.  Eaily propagated by root cuttings.|Height:  6" Spread:  12"|Fragrant|Bees|Deer and rabbits|Will bloom second year|Long lived|Flowers emerge pink or violet, but change to blue as they age.  They retain their foliage until late winter, making them almost evergreen.  If it's too hot, it will go dormant and reappear as it cools near fall.  Classified as "Endangered".|Pulmonaria officinalis ssp. obscura:Pulmonaria officinalis ssp. obscura Seedling|2021
Pycnanthemum pilosum|American Mountain Mint|Perennial|4-8|July-September|Full sun to part shade, best flowering in full sun|Average, dry to medium, well-drained soils|Will spread by rhizome|Height: 12"-36", Spread: 12"-36", Rhizomatus|Minty|Bees, butterflies|Deer and rabbits|Will bloom first year|Long lived|Native to the Eastern United States, can be used as a honey plant||2022
Ratibida pinnata|Grey-head coneflower|Perennial|3-8|June-August|Full sun|Average, well-draining, medium moisture; prefers clay or sand soils; will tolerate poor, dry soils|Do not divide.  Can collect seeds and grow plants as starters for propagation.|Height: 3'-5', Spread: 18”-24”, Clumping|None|Butterflies|NOT RESISTANT; make sure to fence the first year|Will bloom second or third year|More than five years|They're sometimes called the "Mexican Hat" because their flowers look like a slender sombrero.  They may need staking the first or second year.  These plants are often used in sunny borders, native plant gardens, meadows, and prairies.  They should be massed, with 3-5 plants per clump due to their narrow stature and sparse leaves.  Native to the Eastern United States and Ontario.||2022
Rudbeckia fulgida var. sullivantii|Goldsturm|Perennial|3-9|July-September|Full sun|Well-draining; drought resistant|After 3 years but not necessary|Height: 12” (24” with flower stalk), Spread: 12”-24”, Clumping|None|Butterflies|||More than five years|Very long blooming, low maintenance, low water requirement second year.  Native to New York.  Rabbits and deer nibble in spring, but plants recover.|Rudbeckia fulgida var. sullivantii:Rudbeckia fulgida var. sullivantii Seedling|2018, 2019, 2020, 2021
Ruta graveolens|Rue|Perennial||||||||||||||2023
Salvia nemorosa|May Night|Perennial|3-9|Late May-June (Early to mid summer)|Full sun|Any soil, but must be well draining; drought resistant|Rosettes can be removed in early spring|Height: 18”, Spread: 18”, Clumping|None|Butterflies, moths and Hummingbirds|||3 years in soggy ground or shade; otherwise very long lived|Difficult to grow from seed.  Will flower late first year, and return strong next year. Remove spent flowers to promote reblooming||2018, 2019
Sanguisorba officinalis|Great Burnet|Perennial|4-8|May-June|Full to part sun.  Does not tolerate shade.|Tolerates sandy, medium, clay soils with little nutrition.  Does not like to be fertilized, drought tolerant, will tolerate moist soil.|Divide clumps in spring by gently teasing apart roots|Height:  24" Spread:  12" Clumping|Cucumber leaves|Bees, butterflies|Deer and rabbits|Blooms first year at the end of the season.|5-7 years|Young leaves are excellent in salads and soups.  Do not eat during pregnancy.  Grows well with Lamb's Ears|Sanguisorba officinalis:Sanguisorba officinalis Seedling|2021
Saponaria ocymoides|Soapwort|Perennial|3-8|June-July|Full sun|Well-draining, normal to sandy, infertile soil; drought tolerant|Fall, if necessary|Height:  6-8” (8” with flower stalk) Spread:  12” Clumping.|None|Butterflies and bees||Flowers second year|Long lived; short lived in soggy soil|Sheer after flowering to tidy; evergreen, good ground cover|Saponaria ocymoides:Saponaria ocymoides Seedling|2019, 2022
Scutellaria baicalensis 'BLBP 02'|Baikal Skullcap|Perennial|4-8|July-August|Full to part sun|Will grow in clay soils, but must be well-draining.  Drought resistant once established.  Needs care for first two years.|Do not divide.  Collect seeds, refrigerate until February, soak with warm (100F) water for 24 hours and start indoors.  Transplant outdoors when 4-6" high.|Height:  12" Spread:  12" Habit:  Hairy, fluffy clumps.|None|Hummingbirds, bees|Deer and rabbits|Blooms second year||Roots are medicinal.  Do not cut back in fall, cut back in spring instead.  Mulching is recommended for Zones 4 and 5|Scutellaria baicalensis 'BLBP 02':Scutellaria baicalensis 'BLBP 02' Seedling|2021
Sedum varieties '18|Stonecrop|Perennial|4-9|June-August|Full sun, partial shade|Well draining soil, drought resistant, no fertilizer needed, water only when soil is chalky dry|Any time|Height: 4”, Spread: Sprawling|None|Butterflies and bees|||Long lived|Evergreen, good in containers, rock walls, crevasses, as groundcover; good for draping over edges of pots, rocks or steep hillsides|Sedum forsterianum 'Oracle':Sedum sexangulare:Sedum spurium 'Coccineum':Sedum spurium 'Summer Glory'|2018
Sedum varieties '19|Stonecrop|Perennial|4-9|June-August|Full sun, partial shade|Well-draining soil; drought resistant, no fertilizer needed, water only when soil is chalky dry|Any time|Height: 4”, Spread: Sprawling|None|Butterflies and bees|||Long lived|Evergreen, good in containers, rock walls, crevasses, as groundcover; good for draping over edges of pots, rocks or steep hillsides|Sedum populifolium (Showy Stonecrop):Sedum ellacombianum (Yellow Stars)|2019
Sedum varieties '20|Stonecrop|Perennial|4-9|June-August|Full sun, partial shade|Well-draining soil; drought resistant, no fertilizer needed, water only when soil is chalky dry|Any time|Height: 4”, Spread: Sprawling|None|Butterflies and bees|||Long lived|Evergreen, good in containers, rock walls, crevasses, as groundcover; good for draping over edges of pots, rocks or steep hillsides|Sedum selskianum (Goldilocks)|2020
Sedum varieties '21|Stonecrop|Perennial|4-9|June-August|Full sun, partial shade|Well-draining soil; drought resistant, no fertilizer needed, water only when soil is chalky dry|Any time|Height: 4”, Spread: Sprawling|None|Butterflies and bees|||Long lived|Evergreen, good in containers, rock walls, crevasses, as groundcover; good for draping over edges of pots, rocks or steep hillsides|Sedum middendorffianum var. middendorffianum:Sedum middendorffianum var. middendorffianum Seedling:Sedum oreganum:Sedum oreganum Seedling:Sedum telephium 'Emperor's Waves':Sedum telephium 'Emperor's Waves' Seedling|2021
Sedum varieties '22|Stonecrop|Perennial|4-9|June-August|Full sun, partial shade|Well-draining soil; drought resistant, no fertilizer needed, water only when soil is chalky dry|Any time|Height: 4”, Spread: Sprawling|None|Butterflies and bees|||Long lived|Evergreen, good in containers, rock walls, crevasses, as groundcover; good for draping over edges of pots, rocks or steep hillsides|Sedum middendorffianum var. middendorffianum:Sedum telephium 'Emperor's Waves'|2022
Sedum varieties '23|Stonecrop|Perennial|4-9|June-August|Full sun, partial shade|Well-draining soil; drought resistant, no fertilizer needed, water only when soil is chalky dry|Any time|Height: 4”, Spread: Sprawling|None|Butterflies and bees|||Long lived|Evergreen, good in containers, rock walls, crevasses, as groundcover; good for draping over edges of pots, rocks or steep hillsides|Sedum fosterianum 'Oracle':Sedum coccineum spurium 'Red Carpet':Sedum spurium 'Voodoo':Sedum spurium 'Coccineum'|2023
Stachys byzantina|Lamb's Ear|Perennial|4-8|June-July|Full sun|Dry soil, low fertility, drought resistant|Early spring; when rosette has several small roots, cut rosette free with scissors|"Height: 4""-6” (18” with flower stalk) Spread: 6-12” Spreading; produces rosettes"|Sweet|Bees||Flowers second year|Long lived|Tolerates black walnut trees|Stachys byzantina:Stachys byzantina Seedling|2018, 2019, 2020, 2021, 2022, 2023
Stachys macrantha|Big Betony|Perennial|4-8|May-June|Full sun|Moist but well-draining, does not like water-logged winter soils|Divide spreading clumps in spring; when rosette has several small roots, cut rosette free with scissors|Height:  12" Spread:  12"|None|Bees|Deer and rabbits|Blooms second year|3-10 years|Tolerates black walnut||
Succulent Dishes||Perennial tender succulents and sedums|7-9 (Bring inside for winter)||Full shade outdoors; eastern or western window, does not like direct sunlight|Well draining, low fertility, drought resistant|When a shoot has at least six leaves, cut it from the main plant with a clean scissors.  Then, place the stem in a glass of water and plant it in soil once roots have formed.  If there are leaves that have fallen off the plant, those can be laid on top the soil until they root.|Height: 2-12”, Spread: 4”, Clumping, rosette forming, groundcover|Sweet||||Long lived|Only likes to be watered about once per month, likes to thoroughly dry out between waterings.  Grows roots during the winter, mostly dormant during the summer.  Best to transplant in September after blooming.||2022
Tagetes erecta|Marigold|Annual|2-11|July-October|Full sun|Clay, tolerates most soils|Collect seeds in Fall for next year, and store at room temperature.|"Height: 6""-12"", Spread: 6"", Clumping, occasionally reseeds"|Herbal|Bees and moths|Deer and rabbits|||Long blooming, pinch young plants for bushier growth.  Good in containers||2020
Tanacetum coccineum|Robinson Red|Perennial|3-7|June-July|Full sun, partial shade|Well-draining; drought resistant|Early spring (April) or fall|Height:  12” (36” with flower stalk) Spread:  12” Clumping.|None|Butterflies||Flowers second year|More than 10 years|Cut back after flowering for additional bloom. Unlike its invasive relatives, this species does not spread aggressively by self-sowing or rhizome||2019
Telekia speciosa|Yellow Ox-Eye|Perennial|3-7|August-September|Full sun to part shade|Average, medium, well-drained soil.  Tolerates full sun if the soils are kept moist.  Likes moist soils along streams, woodland gardens, or ponds.|Divide clumps early spring or summer|Height:  36" Spread:  12"|None|Butterflies, bees|Deer, rabbits, and slugs|Blooms second year.|Long lived|Flowers are three inches across.  Likes to be grown near water.|Telekia speciosa:Telekia speciosa Seedling|2021
Tellima grandiflora|Fragrant Fringecup|Perennial|4-7|April-June|Part sun to part shade|Moisture retentive, drought resistant|Divide in spring.  Split on rhizomes.|Height:  12", 24" with flowers Spread:  18" Clumping habit|Sweet|Hummingbirds|Deer and rabbits|Blooms second year.|Long lived|Native plant, excellent cut flower.|Tellima grandiflora:Tellima grandiflora Seedling|2021, 2022
Thalictrum aquilegifolium|Greater Meadow-rue|Perennial|5-8|May-July|Full sun, partial shade|Well-draining; drought resistant|Early spring (April)|Height:  24” (36” with flower stalk) Spread:  12”-18” Clumping.|Sweet|Butterflies||Flowers second year|More than five years|There are separate male and female plants.  Male flowers are showier than the females.  Transplant seedlings in August, after the summer heat. Tolerates black walnut trees.||2019, 2022
Thymus citriodorus|Citrus Thyme|Perennial herb|5-10|June|Full sun|Any soil, do not overwater (turns yellow)|Prefers not to be divided, easy to make cuttings and soak in water to start new plants|Height: 6-8”, Spread: 8”, Clumping|Lemon thyme, fragrant|Butterflies, moths and bees|||Rejuvenate by starting new plants from cuttings, or by lifting plant sprigs and adding leafy compost underneath.  Sprigs will grow new roots and rejuvenate plant|Excellent for chicken and beef or vegetable casseroles. Has a citrus aftertaste. Use three to four sprigs per recipe. Can also be used to make tea. Plant grown organically||2018
Thymus|Thyme|Perennial herb|5-10|June|Full sun|Any soil, do not overwater (turns yellow)|Prefers not to be divided, easy to make cuttings and soak in water to start new plants|Height: 6-8”, Spread: 8”, Clumping|Thyme, fragrant|Butterflies, moths and bees|||Rejuvenate by starting new plants from cuttings, or by lifting plant sprigs and adding leafy compost underneath.  Sprigs will grow new roots and rejuvenate plant|Excellent for chicken and beef or vegetable casseroles.  Use three to four sprigs per recipe.  Can also be used to make tea.  Plant grown organically.|Thymus:Thymus Seedling|2019, 2021, 2022, 2023
Verbesina helianthoides|Crownbeard|Perennial|5-8|June|Full sun|Loamy, well-draining, average soil, will tolerates clay.  Does not tolerate water-logged soil in winter.|Do not divide; propagate by seed instead|Height:  24" Spread:  12"|None|Butterflies|Deer and rabbits|Blooms first year||Native plant.  May wilt during drought, but will recover readily after rainfall.|Verbesina helianthoides:Verbesina helianthoides Seedling|2021
Vernonia noveboracensis|New York Ironweed|Perennial|3-9|July|Partial shade to full sun|Any soil|Can be transplanted when less than 1 foot tall|Height: 4-6', Spread: 12”, Clumping, spreading by rosettes, but after many years|Sweet|Bees and Butterflies||Three years until full height, might bloom first year, but definitely second year|Small first year, spends most of its energy setting roots|Very difficult to grow from seed. Prefers afternoon shade from sun. May sag in full heat of summer, but recovers in the evening the first two years.  Monarch magnet.  Does not come up until June.  Mark so as not to accidentally dig it up.|Vernonia noveboracensis:Vernonia noveboracensis Seedling|2018, 2019, 2020, 2021, 2023
Veronica longifolia 'Maritima'|Long-leafed Speedwell|Perennial|4-8|June-September|Full sun|Any soil, well-drained|Divide rosettes in spring every third year.|Height:  36" Spread:  12"|None|Hummingbirds and butterflies|Deer and rabbits|Blooms first year|Long lived|Good mildew resistance, good cut flower. Genus name honors Saint Veronica who reportedly gave a handkerchief to Jesus so he could wipe sweat from his face on the way to Calvary, with some genus plants having markings that resemble the markings on the sacred handkerchief|Veronica longifolia 'Maritima':Veronica longifolia 'Maritima' Seedling|2021, 2022
Veronica spicata|Spiked Speedwell|Perennial|3-8|June-August|Full sun to part sun|Well draining, drought tolerant|Early spring every 3 years|Height: 24”, Spread: 24”, Clumping|Fragrant|Bees and Butterflies|Deer and rabbits|Second year, plants will show true leaf color|Long lived, long blooming|Good mildew resistance, good cut flower. Genus name honors Saint Veronica who reportedly gave a handkerchief to Jesus so he could wipe sweat from his face on the way to Calvary, with some genus plants having markings that resemble the markings on the sacred handkerchief||2018
Veronicastrum virginicum f. albiflorum|Culver's Root|Perennial|4-8|May-August|Full sun|Average, medium to wet, well-drained soils|Divide in spring or fall|Height: 3'-4', 7' when blooming; Spread: 2'-3', Erect|None|Bees and butterflies|Deer and rabbits|Blooms second year.  They will double in size each year until full growth has been achieved in the third year.|Long lived|Can deadhead spent flower stalks to extend bloom period.  New foliage growth can be stimulated by cutting back plants to basal growth.  This may also promote a late summer or fall bloom.  Native to Eastern North America.||2023
